Degree, Betweenness
7, 0.0012685540034357162
11, 0.006694042244069592
4, 0.0012675223495486967
2, 0.00017295551903339675
1, 0.0
4, 0.0009776146214855424
4, 0.001007162264177811
13, 0.00666507523726352
14, 0.007237007063761751
1, 0.0
8, 0.0020575935204360674
5, 0.000173892247183563
2, 0.0007066149031079299
1, 0.0
3, 1.46966493990834e-07
15, 0.007876399476883865
2, 0.0
2, 0.0
11, 6.5318441773704e-08
12, 0.0007068108584332509
9, 6.5318441773704e-08
15, 0.0044448359085514965
11, 6.5318441773704e-08
1, 0.0
2, 0.0007066149031079299
3, 0.0014129358732278784
1, 0.0
2, 0.0
2, 0.0
6, 0.0015894599866266537
32, 0.022060324229521533
19, 0.003470232277667682
1, 0.0
1, 0.0
1, 0.0
3, 0.00015031936383815217
5, 0.0008557251761484038
13, 0.007428166731157743
12, 0.005126564621093378
42, 0.03471276186608011
13, 0.004721071219371848
7, 0.004136399953775165
14, 0.007681769520490353
9, 0.005953678493477702
13, 0.0038314369977657473
7, 0.0032532785616834177
3, 8.595721870551598e-05
1, 0.0
7, 0.002925138960373846
7, 0.0038075508266781437
9, 0.0010786750853799291
4, 2.095480782738943e-05
13, 0.005132807189000522
4, 0.0005839846883189298
5, 0.0014417930471546001
11, 0.006930376824455477
30, 0.02135688636076889
4, 0.00013149535978434804
25, 0.013670239941392708
6, 0.0
36, 0.024599297666523585
9, 0.0017033233013055852
17, 0.003801715397922641
4, 2.2035139138900015e-05
9, 0.004293898677167089
5, 0.00018084803242586706
7, 0.003260251513931824
10, 0.009392593732830233
1, 0.0
1, 0.0
1, 0.0
2, 8.39293505730242e-05
17, 0.0033059298884690258
4, 0.0
4, 0.0007867142434124358
12, 0.006564404233176488
6, 0.0007441590364506818
23, 0.01547326473979972
1, 0.0
11, 0.0033555274374709267
3, 0.0006704039892514461
2, 0.0
1, 0.0
2, 0.0007066149031079299
12, 0.0017046554306323672
10, 0.0030276304768767
3, 0.00017152697932922397
11, 0.004620143225702124
2, 0.0
3, 0.0007066149031079299
15, 0.005948485783972055
6, 0.002393384860773342
8, 0.00022465065755097486
4, 2.613649230550476e-06
11, 0.0015790800927013278
25, 0.007787825545664259
21, 0.0034958314553429222
6, 0.00010017746930403566
10, 0.0010596009943223707
3, 0.0
23, 0.008578399784693595
19, 0.005713252860224488
61, 0.05507221162904662
17, 0.0015323289812984773
11, 0.006952905876328198
2, 0.00011166384990826839
2, 2.93932987981668e-07
1, 0.0
14, 0.005668591690666857
13, 0.004474573586406495
51, 0.035601016398396905
2, 8.799162582572942e-05
9, 0.00033826893402191647
6, 0.001511877667430057
23, 0.014205242290555597
1, 0.0
1, 0.0
10, 0.003519998719941036
10, 0.0025501469538293134
3, 0.0005255520029622626
7, 0.0008101215509578657
37, 0.013929451421928744
18, 0.005380770812714245
14, 0.0015359694524398394
14, 0.006275578849683632
6, 0.0010607517242607746
1, 0.0
1, 0.0
1, 0.0
1, 0.0
1, 0.0
8, 0.0020661140870174965
1, 0.0
3, 0.0
1, 0.0
3, 0.0012919222132570126
4, 0.0008636185458540184
9, 0.0028761170819602186
17, 0.002416554225187449
11, 0.0018211783618969852
2, 1.7635979278900082e-06
4, 0.0002563604367058528
1, 0.0
3, 0.0007940772322878763
20, 0.011865437008355958
11, 0.003941495049210243
1, 0.0
26, 0.006783402394060058
5, 8.969041140761913e-05
16, 0.011050174798773672
1, 0.0
2, 8.93140625437874e-05
2, 0.0
16, 0.006792486049302319
13, 0.0042844665776045265
5, 0.0001844431395492602
11, 0.0012525929154007967
27, 0.02670454317387312
5, 0.001387400422267581
6, 0.0019056383949702395
2, 0.0
4, 0.0002488110327485905
5, 0.0021694971804405313
7, 0.0014443217383904338
3, 2.4763854237455523e-06
5, 4.4089948197250204e-07
3, 0.0
6, 0.0007515917490761514
2, 0.0
51, 0.03935888353816518
19, 0.008224930955420874
9, 0.0015395463141576562
3, 1.894833169117401e-06
34, 0.02349699629713856
2, 0.0006279126790396315
9, 0.0022094432978030975
5, 0.0017321837677597926
4, 0.002728756610329577
3, 0.0
3, 0.0018847113145981072
5, 0.0012588242007032066
14, 0.005318169252458579
16, 0.004699307214320321
12, 0.0052369772910920865
3, 2.6852496466136563e-05
36, 0.020597951447271248
3, 7.736526814762372e-06
3, 0.0005895742921075783
23, 0.010454283257292085
7, 0.001554157503060826
5, 0.0003593689315402945
2, 0.0007066149031079299
15, 0.00761732697798491
11, 0.0026667829682638835
8, 0.004347790437281239
12, 0.014574310085835132
22, 0.005565539561967739
19, 0.0031377493285691927
10, 0.0018488233631749518
8, 0.0002707171769532223
1, 0.0
3, 0.0003572991376616451
11, 0.0004990885570128771
5, 0.0014129358732278782
18, 0.010939010040158435
22, 0.005750162061522747
14, 0.006072580691395594
20, 0.00879729108068657
6, 0.00019106429577241149
8, 4.4146268443977476e-05
21, 0.004621740655963618
23, 0.011194513839696309
9, 0.0010196040702755058
17, 0.0032686706638957535
10, 0.003013638089845957
26, 0.013629822021011127
7, 6.943712371012163e-06
19, 0.011723422757861148
2, 0.0
2, 0.0
3, 0.0010034511812918488
8, 0.0035983027069811115
10, 0.0021122790634201154
5, 0.0013377464425668125
4, 1.7635979278900082e-06
3, 0.0
3, 0.0
3, 0.0
2, 1.175731951926672e-06
1, 0.0
12, 0.003184625217973681
9, 0.0037893584049182856
6, 0.000610469356728191
21, 0.010942633984672824
2, 0.0002485169234425369
1, 0.0
2, 0.00021410320341011104
11, 0.0007390081145726381
3, 0.0
4, 5.5516983677784486e-05
5, 0.0002235832111034121
5, 0.0013406306853045286
8, 0.0011439462550632102
28, 0.013613594288929817
10, 0.005753478293766695
12, 0.0010701092200152418
8, 0.0008464222791733271
29, 0.0184937045638961
18, 0.004807309948929979
13, 0.0034481510114254457
8, 0.0006296348799979865
5, 8.816605730351298e-05
3, 0.0
2, 0.00011709574962087074
6, 0.0004456999870283715
10, 0.0003167674299975455
10, 0.0016025226410963486
3, 8.171754304028652e-05
3, 0.000735366931670296
1, 0.0
21, 0.0034630003311261577
11, 0.0003513712355066715
17, 0.005092148548841669
10, 2.61273767094816e-07
9, 6.5318441773704e-08
6, 6.5318441773704e-08
10, 2.61273767094816e-07
9, 1.95955325321112e-07
7, 0.005349972099957416
4, 0.00023534234571064534
4, 0.00023534234571064534
8, 0.006061027237065199
6, 0.004015036472088074
8, 0.002059547305751757
2, 0.0001404877957353532
1, 0.0
9, 0.000751737335123252
10, 0.0026839289101151845
10, 0.0009714912068412759
8, 0.0014155397847745975
5, 0.0007887968057957021
4, 8.218190268777333e-05
2, 0.0
1, 0.0
2, 0.0007066149031079299
3, 0.00015775310229186148
12, 0.005847862665146694
3, 0.0008986648616982362
2, 0.0001251985193498755
1, 0.0
6, 0.00041695032853981213
6, 0.001202168838242529
6, 0.0011222111771392583
6, 0.0019281935671359453
3, 9.7977662660556e-08
3, 0.00036139920304437405
6, 0.001024494800317686
14, 0.0023128625121868287
1, 0.0
11, 0.0021302985302085976
2, 0.0
5, 0.0009246488283754368
5, 0.00013507114058000432
5, 0.0006442747952301896
5, 0.00013507114058000432
2, 0.0
4, 0.0014926202685181845
9, 0.00168889045447057
3, 0.00013001062050088888
2, 0.0007066149031079299
1, 0.0
29, 0.017071850797534854
14, 0.0016252170761868058
12, 0.0068254384563575105
13, 0.005981178613031189
2, 0.0
8, 0.0018106168135842043
12, 0.0048552615130324425
13, 0.004455895642286379
3, 0.00040867655709976016
4, 0.0006872099426386501
4, 0.0006409622723779953
19, 0.0121685274316451
4, 5.316994095973941e-05
12, 0.0019847520067742216
17, 0.00628476914853964
3, 1.136741948706451e-06
6, 0.00036905452631649555
6, 0.00036905452631649555
4, 0.0006000120810901518
5, 0.00014086918408691524
3, 0.00046382045895135705
6, 0.0017697028877567734
3, 0.0
1, 0.0
1, 0.0
1, 0.0
2, 0.0
1, 0.0
8, 0.0031560708342229273
18, 0.004694211575783592
18, 0.0051211673573108435
1, 0.0
4, 0.0003531604850599741
4, 0.0003531604850599741
25, 0.018580051920492894
4, 0.0005541974514521084
1, 0.0
2, 9.397322962533454e-05
7, 0.0016358906843397332
1, 0.0
3, 0.00043510130203600224
2, 6.707503609156313e-05
2, 0.0
7, 0.000515744901800041
4, 0.0014126419402398964
5, 0.0026512000910774965
3, 6.124316536207905e-05
2, 0.0
3, 0.00030255985725004974
5, 0.0025096801090662224
2, 0.0007066149031079299
4, 0.0019541615258666305
4, 0.00021102099930316075
12, 0.004357852075713122
3, 0.0009364880821565017
13, 0.005828458938945557
16, 0.008610126875098992
13, 0.006196399689245115
1, 0.0
2, 1.46966493990834e-07
2, 1.46966493990834e-07
2, 1.46966493990834e-07
20, 0.00802941095282974
2, 0.0
5, 0.000636458702679944
3, 0.00021851201401927904
4, 0.0008436365001523556
5, 0.0027659732278255437
4, 0.0008649692931181415
1, 0.0
17, 0.0009208202460814697
12, 0.00011100138959865575
19, 0.002535091036604883
4, 0.0007066149031079299
13, 0.0015675113575061086
1, 0.0
1, 0.0
1, 0.0
1, 0.0
2, 0.0
2, 0.0
2, 0.0
1, 0.0
1, 0.0
16, 0.0022922453046126095
2, 0.0
3, 0.0
18, 0.005891060233271615
6, 0.0024565332588953616
9, 0.006654728136774429
1, 0.0
32, 0.025878835665185725
14, 0.008505580911666106
3, 7.990136967364283e-06
2, 0.00022037790277007195
2, 4.604950145046132e-07
5, 0.0004861096293763976
1, 0.0
13, 0.002427517174944043
5, 0.0008246728271807738
2, 0.0
6, 0.002084891649563981
4, 0.0004936544356110783
3, 0.00040255288549510094
12, 0.002770858669090303
2, 0.0
2, 0.00015224270997295176
3, 0.0001556951529041367
19, 0.006474947384163816
1, 0.0
3, 0.0007502574804533833
8, 0.0014095163411784362
14, 0.0030859610614687246
6, 0.0007199611547510132
20, 0.007801125346853056
2, 9.678409513119781e-05
3, 3.4950031951915445e-06
11, 0.007991981532764278
3, 3.4950031951915445e-06
3, 9.7977662660556e-08
1, 0.0
2, 0.0004902933510625541
3, 0.0005169370861454461
5, 0.0013521041665266933
1, 0.0
2, 0.0004902933510625541
4, 0.002070293016961579
6, 0.002070293016961579
25, 0.012275524184445379
11, 0.00700395229731727
13, 0.003671526008116342
3, 9.00651150833951e-05
6, 0.0024680216722173663
7, 0.0014107418804305554
12, 0.0012346691462909308
3, 0.0014126419402398964
3, 0.0007066149031079299
40, 0.04766902537790361
2, 0.00013118095189229453
4, 0.0009267277103054112
9, 0.002734237816357604
4, 0.0
32, 0.01822165118418937
3, 0.0012688932108280376
2, 0.0002138629093578623
1, 0.0
5, 0.0014108783423120064
5, 0.004550865586986458
2, 0.0014126419402398964
8, 0.0008736147084787717
5, 0.0009575745374467603
5, 0.000335983009289592
16, 0.010536641246363165
1, 0.0
14, 0.002132573887195675
14, 0.005732603593913987
1, 0.0
18, 0.0010058579274225222
2, 0.00031267627302823025
26, 0.005460046207133141
2, 8.962207419875152e-05
4, 0.0017268230815910468
2, 1.46966493990834e-07
1, 0.0
1, 0.0
37, 0.02567336032686689
15, 0.005737392335238962
15, 0.0020542731460711206
5, 7.635708403450765e-06
1, 0.0
2, 0.0007066149031079299
4, 0.0015099126958048174
3, 0.0017168776786801575
13, 0.001657131672611947
2, 0.0
6, 0.00044705457434487006
4, 0.0004107502777190967
9, 0.0014733384960160115
2, 0.0
1, 0.0
2, 0.0
17, 0.0025107862127697446
6, 0.00010525634029484383
3, 0.000431134122520874
8, 0.0019417673191251823
6, 0.0007790024109062897
7, 0.0015782077702071655
4, 3.262120688187919e-05
4, 0.0007066149031079299
1, 0.0
1, 0.0
4, 2.93932987981668e-07
3, 0.0
9, 0.002502977292353705
2, 0.0
8, 0.0028006466270854087
3, 8.933429042918852e-06
3, 2.2913520794014605e-05
3, 1.46966493990834e-07
3, 0.0003482312571451355
1, 0.0
11, 0.0014239508272369638
8, 0.001369789721420998
10, 0.0007933356390415145
2, 0.0
1, 0.0
2, 0.0002455896911265961
1, 0.0
1, 0.0
2, 0.0
1, 0.0
2, 0.00023436920309229098
8, 2.4500649363023577e-05
11, 0.00015897700244673152
3, 0.0
5, 0.0
13, 0.002119501529905461
27, 0.017142406885798243
2, 0.0007066149031079299
3, 0.0006912511005101318
3, 0.0
11, 0.004653326998034963
3, 5.6631027464909206e-05
3, 0.00019110263900216858
12, 0.005891613548186764
10, 0.004286568360067043
3, 0.0
1, 0.0
4, 0.0014663933325925716
9, 0.0007200365961959681
2, 0.0
12, 0.006070957261671901
3, 0.0001097803794618323
6, 0.0004042292752283757
2, 0.0002269456164784056
1, 0.0
1, 0.0
3, 0.0
4, 0.0007066149031079299
10, 0.001253588647654477
5, 0.00030077242673740885
8, 0.0033548064429602285
12, 0.0066268958684730225
5, 0.0014637057983144868
7, 0.0028230303942386003
3, 0.0
5, 0.0006927963913077866
2, 0.0
1, 0.0
2, 0.0007066149031079299
4, 8.817989639450041e-07
3, 1.46966493990834e-06
12, 0.0037365203005402165
10, 0.0013639418348844695
4, 2.93932987981668e-07
1, 0.0
7, 5.5486341957748356e-05
1, 0.0
1, 0.0
9, 0.0048913275100233985
2, 0.0
2, 8.022128289019371e-05
5, 0.0003623382241086647
1, 0.0
1, 0.0
3, 0.0
4, 5.87865975963336e-07
2, 1.4590739525783898e-06
4, 0.0008014224765565307
2, 0.0007032195859486854
6, 0.0023588789052789083
2, 0.0007066149031079299
1, 0.0
1, 0.0
15, 0.0017573832170766591
2, 0.0
16, 0.001489078117540975
14, 0.00361630991664864
5, 0.0004792906376136703
3, 0.0
1, 0.0
1, 0.0
3, 0.0014129358732278782
2, 0.0
4, 1.68396831836618e-05
4, 0.0006982772638987596
1, 0.0
3, 0.0014129358732278782
1, 0.0
2, 0.0
3, 0.0
2, 0.0
3, 0.0001358394622004652
3, 0.00019890659215603522
4, 0.0005669028795238084
1, 0.0
1, 0.0
3, 0.0028238142155398846
1, 0.0
1, 0.0
5, 0.001657959296702077
4, 0.0007066149031079299
1, 0.0
5, 0.0016558778374475831
1, 0.0
12, 0.003712575049156938
1, 0.0
2, 0.0007066149031079299
1, 0.0
2, 0.0007066149031079299
3, 0.0014335008771018164
2, 0.0
3, 1.46966493990834e-07
3, 0.000981648290228472
1, 0.0
2, 2.93932987981668e-07
1, 0.0
6, 0.0
9, 0.0018066097495453683
1, 0.0
1, 0.0
6, 0.0008054426227692556
4, 0.0002070918393417373
2, 7.317728764681043e-05
3, 0.00018714554184888352
3, 0.0011121054149899347
1, 0.0
2, 0.0
1, 0.0
1, 0.0
1, 0.0
1, 0.0
6, 0.0002353423457106578
6, 0.0007066149031079299
3, 0.0
4, 0.0013701023812060405
7, 0.0017790000514696699
1, 0.0
5, 0.0023541707784353397
1, 0.0
3, 5.789562683101981e-05
2, 0.0
3, 0.000746244532803201
1, 0.0
2, 0.0
2, 0.0
2, 0.0
2, 9.605755495239535e-05
2, 8.958235521200376e-05
3, 0.0004603355792668954
5, 0.002149634736416037
1, 0.0
3, 0.0
9, 0.004067308268539793
8, 0.0008869811083710025
1, 0.0
14, 0.0008944982257153193
6, 3.398830210566701e-05
13, 0.0015012416101114355
8, 0.0006691495617209384
4, 0.0007066149031079299
1, 0.0
2, 0.0
1, 0.0
3, 8.817989639450041e-07
1, 0.0
1, 0.0
6, 0.0004257286884651233
26, 0.01829629943695948
3, 0.0012691164359611904
7, 0.0009215504079520913
1, 0.0
12, 0.0018047351211689492
13, 0.006552254121045738
1, 0.0
2, 0.0
9, 0.001606675956278757
1, 0.0
2, 2.93932987981668e-07
1, 0.0
1, 0.0
2, 0.0007066149031079299
1, 0.0
3, 0.0014129358732278782
1, 0.0
1, 0.0
1, 0.0
2, 0.0007066149031079299
5, 0.00015544877779621397
18, 0.003317331688736755
1, 0.0
3, 0.0007066149031079299
3, 8.817989639450041e-07
1, 0.0
1, 0.0
3, 0.0009846736143585579
3, 0.0008447440253708415
3, 0.00017440151408986633
1, 0.0
1, 0.0
6, 0.0007196200900692264
9, 0.0009749494375590295
1, 0.0
1, 0.0
2, 0.0
5, 0.0005987501761865702
4, 0.0014879488447897176
1, 0.0
1, 0.0
1, 0.0
6, 0.0034737061615930866
2, 0.0
2, 0.0
1, 0.0
1, 0.0
15, 0.003558168777370936
3, 0.00019454581072532047
2, 0.0007066149031079299
1, 0.0
8, 0.0007152709694765223
1, 0.0
4, 0.0004165233241210712
2, 5.4298346503725954e-05
1, 0.0
4, 0.000934785701339149
11, 0.0034379545897626506
8, 0.0009854564827954115
14, 0.0019339503692159103
14, 0.0026476038793653177
9, 0.0005303534898766395
1, 0.0
1, 0.0
4, 0.0015896685982550644
1, 0.0
1, 0.0
1, 0.0
1, 0.0
2, 0.0007066149031079299
5, 0.0017439813106385207
7, 0.0038198135340333102
6, 0.0004699400141445914
3, 0.0003143767532174855
2, 0.0
1, 0.0
2, 0.0007066149031079299
25, 0.004364974989901141
6, 1.3321064881074226e-05
5, 2.124985411163463e-06
1, 0.0
3, 0.0
1, 0.0
2, 0.0007066149031079299
1, 0.0
1, 0.0
5, 0.0012622570188600478
1, 0.0
3, 0.000357209132202987
1, 0.0
3, 0.0
1, 0.0
2, 6.684155657222199e-05
1, 0.0
1, 0.0
2, 0.0007066149031079299
3, 8.817989639450041e-07
1, 0.0
1, 0.0
1, 0.0
1, 0.0
7, 0.001084139220698658
2, 0.0007066149031079299
1, 0.0
1, 0.0
1, 0.0
1, 0.0
4, 0.0007066149031079299
1, 0.0
1, 0.0
1, 0.0
1, 0.0
3, 0.0008063977328601987
1, 0.0
7, 0.0009472346727340458
1, 0.0
1, 0.0
1, 0.0
1, 0.0
1, 0.0
2, 0.0007066149031079299
1, 0.0
1, 0.0
1, 0.0
7, 0.003245900070825861
4, 0.00015247577370893186
11, 0.003082964607105689
1, 0.0
3, 0.0
1, 0.0
11, 0.009113945297523417
2, 0.0014126419402398964
1, 0.0
1, 0.0
2, 0.0003167093276080924
1, 0.0
1, 0.0
9, 0.0010049996114828066
9, 0.001061222234597629
5, 0.0005165885013429
1, 0.0
1, 0.0
3, 0.0
4, 4.925989626021974e-05
15, 0.009128272504163907
1, 0.0
1, 0.0
8, 0.005181879874525561
2, 0.00015725618966439697
3, 0.00017885522668472734
3, 0.000641297552677955
2, 0.00019613298956503352
10, 0.00454654518929494
4, 0.0008008620436668945
1, 0.0
14, 0.007623630644411389
6, 0.0004128926872447457
26, 0.026666783756249056
7, 3.238578116687448e-05
4, 0.0008164680113858911
18, 0.007003535333748542
22, 0.007897528905978182
11, 0.002620450495805574
6, 0.0023988723855794297
2, 9.986948681306057e-05
5, 0.000651088252035837
6, 0.0011187774843375888
10, 0.0021950644279654114
9, 0.0015763316576561613
3, 9.982221399102329e-05
17, 0.004973297115231118
8, 0.002634907130905817
14, 0.0060023865274809836
10, 0.0009163613211170955
18, 0.0061971975331476786
7, 0.002216050540314928
2, 0.0007066149031079299
1, 0.0
10, 0.005854994961173163
1, 0.0
7, 0.001608292875782098
3, 9.471814596419351e-05
5, 0.002263980785437978
2, 0.0
34, 0.020142252820329793
4, 5.658558099157431e-06
9, 0.0003671866844604164
3, 3.062713760630585e-05
6, 0.0009441822751190185
12, 0.0047018571047768454
9, 0.0008216069007494672
7, 0.00035920736200809907
7, 0.0007541264862030722
8, 0.0026935569872964223
3, 0.00020758834825756195
4, 0.000224088830516273
5, 0.00038064474075674747
11, 0.0041700712477517575
11, 0.0029913187744881487
4, 5.537454317623466e-05
22, 0.00915730092608022
8, 0.00018969013141535468
9, 0.0014528129856762014
13, 0.0005463606803875637
5, 0.0005445382279288487
5, 0.0011833547609270982
11, 0.002030855638252345
20, 0.01628278482286686
10, 0.0020244249026465607
3, 4.513882854392914e-05
1, 0.0
7, 0.0029669240144716926
3, 0.0004765646877144999
9, 0.0029937965810655108
2, 0.0
7, 0.0011663633334881333
11, 0.00251310056048858
4, 0.0011692889815575792
8, 0.004632397536717473
3, 0.00027015701130796117
3, 0.00033588369479453737
20, 0.011222024467488016
6, 0.0001877246675576503
13, 0.010910168580315013
13, 0.0041211187545112824
4, 0.00038257536871016246
7, 0.003524189078555895
3, 4.8612675804055676e-05
3, 9.72778222129806e-07
6, 0.0015615817206499102
10, 0.0010649541850326358
15, 0.0063671423789293064
27, 0.01035392833736012
9, 0.00128222001095233
7, 0.0006867979819823617
6, 0.0
6, 0.0
6, 0.0
6, 0.0
4, 0.0007449140422726271
11, 0.0022196738581403423
13, 0.00824056455160323
8, 0.00035553855814991075
8, 0.0032829533047004484
2, 0.0
8, 0.0057720316567884695
24, 0.01052797202985532
15, 0.002996254288403913
4, 0.000827801048623956
2, 0.0
15, 0.00882660510007967
7, 0.0013033468408720085
5, 0.0011964105590508206
1, 0.0
18, 0.007124580309897471
6, 0.0008821614524000868
7, 0.00026999610486167343
7, 0.0006857274866362618
1, 0.0
2, 0.0003783351001552092
5, 0.0018051769660059986
3, 0.0009352122578040074
7, 0.0026851226457291714
3, 0.00037971314413338296
6, 0.0018528246184653801
1, 0.0
7, 0.0029091449955866953
4, 5.425244194761503e-06
17, 0.008082231558876874
5, 0.0007745421884971505
27, 0.010616198137326482
9, 0.0006602125811816107
7, 3.805168012846711e-05
8, 0.003953666227035304
1, 0.0
2, 9.535272880194625e-05
7, 0.0018891827291412546
4, 0.0009280504310110473
14, 0.0050862712733311085
11, 0.006139968434934153
21, 0.013306032213423892
3, 0.0003246490259376082
16, 0.006544171273592052
2, 0.0001092243650574185
3, 0.0002507772362947682
5, 0.0012148841468586223
1, 0.0
8, 0.0007438993836034802
7, 0.002269818536841852
7, 7.432115146029153e-05
7, 0.001304037919177213
1, 0.0
2, 0.00030988760364010015
3, 0.0005873287129701029
1, 0.0
21, 0.0058460857089084614
3, 3.1903020581070356e-06
8, 0.0018383512304352692
1, 0.0
5, 0.0004826173619861676
9, 0.0024778448289622533
7, 0.0013033845857557535
1, 0.0
9, 0.0022335746883567513
4, 0.00016057585081723135
4, 0.0012816884022314452
5, 0.0014658226518106923
1, 0.0
2, 2.2866697900729094e-05
3, 0.0002535953424789198
5, 3.488308802471672e-05
9, 0.0016442611162440224
3, 0.00018301970138421587
6, 0.0018057272746759723
9, 0.002532989938787552
4, 0.00010462916512098571
4, 0.00010462916512098571
2, 9.397322962533454e-05
30, 0.01687386231897506
5, 0.00027838201920447577
3, 4.8659938809964245e-06
3, 8.633945552374305e-05
3, 2.778321355455043e-05
5, 0.0069678128590881065
19, 0.013062354826132782
3, 0.0004193363795988393
14, 0.004872033682832857
16, 0.008997634059222635
24, 0.010481851001177014
16, 0.00152958260881822
7, 8.589375532947679e-05
5, 0.00041936598293289203
1, 0.0
10, 0.004418519962198395
6, 0.0011165639908565764
3, 0.00012983140828412437
9, 0.0026094274685690244
8, 0.0010704046413459864
4, 0.0
3, 0.00029877693620830934
7, 0.0008899876657747174
2, 9.25234717882862e-05
3, 0.0002120515213935043
3, 0.0
5, 0.0011848518210243644
16, 0.012421404773445397
16, 0.005892638847223141
4, 0.00033654701721979447
2, 4.668884344309373e-05
3, 0.0008406639401296666
4, 0.0004950156979086086
4, 0.0003684279192906158
3, 0.0017401466791343002
6, 0.0032026626170535235
3, 6.946472244144242e-06
2, 0.0
1, 0.0
5, 0.0010129412374314277
1, 0.0
11, 0.004970113642111453
6, 0.0002353423457106578
6, 0.0002353423457106578
5, 0.0006278035022253263
2, 1.4907929013423076e-05
41, 0.028799910255630414
3, 0.0014126419402398964
2, 5.349173969258032e-05
6, 0.000951887837060281
4, 0.00105615454170916
3, 0.001000811295743315
1, 0.0
3, 0.00013900199365482054
1, 0.0
3, 0.00022814093798043816
9, 0.0011740557496345836
2, 0.0
3, 0.0008614031175581794
1, 0.0
7, 0.0008521186083749059
4, 0.00039478699948515886
4, 0.0008544935383550411
2, 0.0
3, 0.00029171527069776407
4, 0.00010557251428747083
7, 5.421566700343556e-05
5, 0.002790754008340922
2, 0.00015327840681874803
8, 0.0032056036503294184
1, 0.0
1, 0.0
5, 0.0014126419402398964
3, 0.0007932282121766117
7, 0.0012368081062606613
2, 4.805736801270033e-05
15, 0.008025149106888696
2, 0.0
12, 0.0037486895830507773
8, 0.002337961344021041
5, 0.0001425356344153439
6, 0.004728161123361493
3, 0.0021180811113959
3, 0.0005753158267606433
3, 0.00013117272652517437
13, 0.005717143371518815
10, 0.004619292057575331
7, 0.001690885215430558
15, 0.009840057307961062
6, 0.0009812382477045484
2, 0.0003693793077220808
3, 0.0003433083124846993
22, 0.007188365828643083
6, 2.2862671748320505e-05
4, 0.00017010881322516782
11, 0.00044148164064097085
1, 0.0
1, 0.0
4, 0.000820436288365843
1, 0.0
2, 9.40890408465753e-05
5, 0.0007096788556920909
2, 9.089854239924716e-05
4, 0.0009429598261511067
5, 0.001401154560428366
4, 0.00028766295647863083
1, 0.0
4, 0.0009850076781168133
1, 0.0
1, 0.0
2, 0.0
3, 0.0005632753913418085
1, 0.0
8, 0.0008793211834641183
6, 0.002094628629797797
4, 0.00033804698128531526
3, 6.916253555842599e-05
3, 0.0027600465471072674
7, 0.0014042321168055434
3, 1.2264763328089874e-05
9, 0.0036599978006558584
3, 7.895893996029025e-06
4, 0.0002600131428358526
5, 0.000798080266750929
5, 0.002014417913874213
7, 4.1990426854524e-08
13, 0.003991399577149286
7, 4.1990426854524e-08
7, 4.1990426854524e-08
7, 4.1990426854524e-08
7, 0.00026040574662539314
7, 0.00026040574662539314
8, 0.00026044773705224765
5, 0.00010769273150764467
2, 0.0
8, 0.0023915813632713234
1, 0.0
3, 0.0005611497901653972
1, 0.0
3, 0.0007148584496499746
1, 0.0
15, 0.0025005162374154358
19, 0.002059945390180521
13, 0.00047130566925121325
12, 0.0002577037141722473
2, 0.00020910221603344107
5, 0.0002903417144161481
4, 0.0012560635416917836
9, 0.0010261370604215782
14, 0.0028113931468600997
6, 0.00031952215731366105
10, 0.0016979279205328916
2, 0.0
11, 0.007339674731897685
5, 0.00012246851562883898
1, 0.0
3, 0.00024073625257966855
2, 0.0006590854141833776
2, 0.0014126419402398964
2, 0.0007066149031079299
1, 0.0
1, 0.0
4, 0.00039920688910354197
1, 0.0
1, 0.0
1, 0.0
1, 0.0
1, 0.0
1, 0.0
2, 0.0
18, 0.0038358861398129743
2, 0.0
7, 0.000738324179524685
1, 0.0
3, 6.067966385515704e-05
9, 0.004009098045480399
2, 1.9396002752900337e-05
10, 0.0019023110350542707
3, 0.0007936262064296938
1, 0.0
3, 0.0007066149031079299
3, 0.00032506152668758344
2, 0.0
1, 0.0
2, 2.6156238523941902e-05
4, 0.0008627757633197059
1, 0.0
1, 0.0
1, 0.0
5, 0.001974406157613832
4, 0.0013692073882219406
1, 0.0
10, 0.0021944956280106637
4, 0.0021662745233238146
2, 0.00011884876719951809
5, 0.00028874234927471086
2, 0.0002693766637767766
5, 0.001835659385195783
6, 0.0006886124437789993
7, 0.0027219764552836867
11, 0.002169693307815105
6, 0.00012776944217583245
1, 0.0
16, 0.00446801476374464
2, 0.0
4, 0.0015552234666681602
2, 0.0
9, 0.0045281212830957426
3, 0.0
10, 0.00695651255662907
8, 0.00040252989488478086
10, 0.0005083339010719493
10, 0.0014393133305675102
3, 8.63328739074965e-05
7, 0.00044329436413256503
3, 0.00011008086111055742
3, 0.000945303814376537
4, 0.00046078619138804905
1, 0.0
4, 0.0023211285558742954
3, 0.0006832303920690138
3, 1.9485953459639408e-05
6, 0.0006403052911191382
6, 0.0
17, 0.007287792054964263
1, 0.0
19, 0.006456679029158123
22, 0.0020386149905149953
5, 0.0029482781444947035
2, 0.0
17, 0.005601004984707449
1, 0.0
1, 0.0
1, 0.0
7, 0.00017363073031370911
9, 0.00018868677481592488
4, 2.7336369369557846e-05
1, 0.0
2, 0.00011571188206081811
2, 0.0005328248357403978
8, 0.0009483129818758115
3, 0.0005893525606378767
2, 0.00034371280534131147
2, 1.5507811911545184e-06
1, 0.0
4, 0.0007849981081770635
2, 9.900032866065482e-05
1, 0.0
5, 0.0006978727960908175
3, 8.4551418580761e-06
4, 0.0005340894125606764
1, 0.0
1, 0.0
3, 0.0007170252341953471
1, 0.0
8, 0.0017473688364171935
13, 0.0030174895537310367
1, 0.0
2, 0.0
3, 0.0
6, 0.0021097242224166857
1, 0.0
3, 0.0
1, 0.0
6, 0.00022204843824159636
1, 0.0
1, 0.0
2, 0.000570423805421933
2, 0.0021180811113959
2, 0.00021341757891876566
9, 0.0002651736337688539
32, 0.005404105204136994
13, 0.003069952628829752
12, 0.005623375822670086
4, 0.0010832823476859216
1, 0.0
19, 0.0058950858592565075
1, 0.0
7, 0.0017905937617883844
2, 0.0
8, 0.003925838689193272
2, 1.1887400207334362e-05
1, 0.0
8, 0.001567596068108587
16, 0.003228016585897105
8, 0.0008979092462193779
18, 0.015109000895804414
6, 3.459433157988542e-05
13, 0.006667296981027673
1, 0.0
1, 0.0
2, 0.0
3, 3.398830210566701e-05
3, 3.398830210566701e-05
5, 0.0001110887277315867
2, 0.0
6, 0.0016499031503048526
2, 0.0
1, 0.0
1, 0.0
6, 0.00031216361508481014
2, 0.0
1, 0.0
1, 0.0
2, 0.0002111461539965588
1, 0.0
1, 0.0
4, 0.0012141510605515001
3, 0.0007484847125703755
1, 0.0
4, 0.0007426282475521452
9, 0.004391463227172719
8, 0.0038957790182943073
1, 0.0
1, 0.0
2, 3.558157633849197e-05
2, 0.0003194281426909045
7, 0.003975188365447792
1, 0.0
4, 0.0020313789882837096
9, 0.004677162786559826
3, 4.8581615736819795e-05
1, 0.0
1, 0.0
1, 0.0
1, 0.0
1, 0.0
5, 0.0017065454693359521
2, 0.00024864100987016205
5, 0.0017367119246704708
2, 0.0005223906297688744
1, 0.0
2, 0.0005740497015222109
1, 0.0
4, 0.0008363309757341157
1, 0.0
1, 0.0
3, 0.0028229324165759398
2, 0.0007066149031079299
1, 0.0
3, 0.0
10, 0.0009017566649629858
7, 0.002967297201861266
1, 0.0
13, 0.005950520042527813
3, 0.0007811045240063445
6, 0.002075914344273062
3, 0.0
1, 0.0
3, 0.0011298490701429525
1, 0.0
2, 0.0
10, 0.0010190601477775767
5, 0.0012675109516818333
3, 0.011269335772961334
18, 0.0058153282129764765
1, 0.0
19, 0.005108713309868565
4, 0.0
4, 0.0017251816919626008
2, 0.0
2, 0.0
6, 1.46966493990834e-07
6, 2.9393298798166796e-07
3, 0.0
2, 0.0
4, 0.0
4, 0.0
7, 3.91910650642224e-07
6, 1.46966493990834e-07
2, 0.0
2, 0.0
2, 0.0
9, 0.00020675078603020957
5, 0.00176132788140967
6, 0.0008864652867920626
8, 1.5035757143241476e-05
1, 0.0
1, 0.0
1, 0.0
3, 0.0007066149031079299
7, 0.0005724277521989616
7, 0.0011512596250134177
3, 9.562818181236863e-05
2, 5.87865975963336e-07
1, 0.0
1, 0.0
3, 0.0002866909608874871
6, 0.00217844013771375
1, 0.0
2, 0.0
5, 0.0008772418633746987
1, 0.0
13, 0.004764893478205819
2, 6.3680853328665e-05
5, 0.00047466625003789945
3, 0.0
8, 0.0018668674634558294
2, 4.267437024365608e-05
3, 0.0005987501761865702
2, 9.7977662660556e-08
2, 0.0007941945127006685
1, 0.0
1, 0.0
3, 7.598568007941219e-05
1, 0.0
3, 0.0014589484211328938
2, 0.0007066149031079299
1, 0.0
1, 0.0
1, 0.0
4, 0.0005772886046762562
2, 0.0
6, 0.0009766660729316188
1, 0.0
4, 0.0010856436566906655
1, 0.0
1, 0.0
6, 0.0021938993023246033
3, 4.403241161744116e-05
6, 0.0024783768595096267
2, 0.00016607955450619177
1, 0.0
1, 0.0
7, 0.003719203404924682
1, 0.0
1, 0.0
1, 0.0
1, 0.0
4, 0.0008363040166537713
3, 0.0007489480615864202
1, 0.0
4, 0.0008295737340962503
3, 0.0005407785633661853
2, 5.063740674294475e-06
4, 0.0013963931234613337
4, 9.612034893323954e-06
2, 0.0
4, 0.0004175029948847981
3, 0.0
1, 0.0
5, 0.0015334114492711983
6, 0.005151459638064743
4, 0.0011733294817207957
24, 0.010799611251608004
1, 0.0
4, 0.0013190698427334349
2, 0.0006983927252617592
3, 2.1350875463178924e-05
2, 0.00016540046176154337
7, 0.0037779527129130058
4, 0.0002971738772119137
3, 0.0
2, 0.0008015124822926101
1, 0.0
1, 0.0
1, 0.0
11, 0.008230128027352363
1, 0.0
5, 0.0033113933262895103
1, 0.0
2, 0.002055149453615556
2, 0.00038492407062103515
3, 8.706967326118254e-05
1, 0.0
1, 0.0
3, 0.0006898719684772638
1, 0.0
9, 0.0013611741713262012
4, 1.2409468480174216e-05
16, 0.003325684633530888
3, 9.291979636515828e-05
4, 6.952262354759322e-07
1, 0.0
4, 0.0035289594537079062
4, 0.00043897229241673545
2, 0.0003559759158226026
1, 0.0
2, 0.0007066149031079299
2, 0.0
2, 0.0
2, 0.0
2, 0.0007066149031079299
1, 0.0
2, 4.6410438490747284e-05
8, 0.0035497755245570985
5, 2.566647954238625e-05
2, 0.0004576601085195994
4, 0.001235925829498262
3, 0.00011443727962804419
2, 0.0
2, 0.0
1, 0.0
21, 0.011131659785545717
1, 0.0
1, 0.0
1, 0.0
3, 0.000871131788525803
1, 0.0
3, 0.00021794409146204115
1, 0.0
1, 0.0
1, 0.0
1, 0.0
1, 0.0
4, 0.0013768089615927744
1, 0.0
15, 0.005261053911214932
1, 0.0
1, 0.0
1, 0.0
2, 2.93932987981668e-07
1, 0.0
9, 0.0038127138183891985
2, 1.3242677578049024e-05
1, 0.0
1, 0.0
1, 0.0
1, 0.0
3, 0.0014129358732278782
1, 0.0
5, 0.0031703271684713915
6, 0.00010174975121384348
2, 0.0
4, 2.9038916857731916e-06
16, 0.012956442662766443
7, 0.004006020632648511
3, 8.817989639450041e-07
1, 0.0
8, 0.00016960656708604565
1, 0.0
8, 0.003445842987392175
1, 0.0
2, 0.0004961689085981885
1, 0.0
4, 0.0003887513930386687
6, 0.00036786591564878584
2, 1.95955325321112e-07
1, 0.0
14, 0.0050843941517019495
1, 0.0
7, 0.001101650030909098
1, 0.0
6, 0.0035830592187592
1, 0.0
3, 0.0
2, 0.00013659513212576784
11, 0.0018479593597625107
4, 0.00031687220004450434
2, 6.487937443908157e-05
2, 0.0
11, 0.0017596114347640701
3, 0.000537312036177371
2, 3.91910650642224e-07
2, 0.00011482727433599597
1, 0.0
7, 0.0015128926755708998
17, 0.0036150988793784778
3, 0.0
2, 4.728547204496976e-05
1, 0.0
1, 0.0
4, 0.0011097466991560924
1, 0.0
13, 0.006243953614374195
7, 0.0022384572413137816
1, 0.0
2, 0.0
1, 0.0
8, 0.0017423606797672387
4, 0.0005433706574171779
1, 0.0
1, 0.0
9, 0.003031223644044504
2, 1.9088392663485776e-05
8, 0.0009714056336400799
1, 0.0
1, 0.0
30, 0.0093451734604995
4, 0.0001047035941508838
3, 0.00041161858118656197
8, 0.00029773475332186286
12, 0.0013121926256323766
2, 0.000621837258533994
1, 0.0
13, 0.00404076912143765
7, 0.00012826992685381822
4, 0.0010857992274555903
4, 0.0020497600072155574
1, 0.0
2, 0.0014126419402398964
6, 0.0016705711231750466
2, 0.0
2, 0.0
8, 0.0033171420990422726
1, 0.0
1, 0.0
3, 0.0003804689083146664
6, 0.0008484762194482131
3, 0.00042525155049455394
2, 0.0002544532308789286
1, 0.0
8, 0.002798021529043791
1, 0.0
11, 0.008184806922042943
1, 0.0
1, 0.0
7, 0.004237571241822284
1, 0.0
2, 0.0007066149031079299
4, 0.00041680954194421355
3, 0.0004530921828630763
1, 0.0
10, 0.00922816310779319
1, 0.0
1, 0.0
1, 0.0
2, 0.0007066149031079299
1, 0.0
1, 0.0
1, 0.0
1, 0.0
1, 0.0
1, 0.0
1, 0.0
1, 0.0
1, 0.0
1, 0.0
1, 0.0
1, 0.0
1, 0.0
1, 0.0
1, 0.0
1, 0.0
16, 0.013339978343614712
1, 0.0
1, 0.0
2, 0.0007066149031079299
11, 0.002680420642908678
1, 0.0
1, 0.0
4, 0.0001898344052225355
2, 4.704252975127579e-06
1, 0.0
1, 0.0
7, 0.003581324247979004
1, 0.0
1, 0.0
4, 0.0009736304168042114
5, 0.00014466706085023296
2, 0.0014126419402398964
2, 0.0007066149031079299
4, 0.001059323183684584
3, 0.0
5, 0.000201070357108435
1, 0.0
1, 0.0
4, 7.654767244275897e-06
3, 0.00041248576784136366
4, 0.007631289616664219
3, 0.0
4, 0.0005911539593836669
8, 0.0006944061499383429
4, 0.0007371205210712814
6, 0.0022907571330500563
1, 0.0
3, 0.0009711653405876706
2, 0.0
8, 0.0040443576131028065
1, 0.0
5, 0.0006258277371894831
6, 0.002251159702035213
3, 0.0007066149031079299
1, 0.0
2, 0.0
6, 0.0009193060848090072
1, 0.0
5, 5.9162573491124774e-05
17, 0.004934664434300132
5, 0.0028618736590522425
8, 0.0003817415335942981
11, 0.0038237114724165443
3, 0.00037738098879133686
11, 0.0011555070626844501
7, 0.00024937085935725534
8, 0.0019163927162446739
2, 0.000467628176889225
4, 0.0003397525620360035
1, 0.0
1, 0.0
4, 0.0019612326264483895
2, 0.0
4, 0.0004883924827303995
2, 0.0
2, 0.0
1, 0.0
4, 0.0007074967020718749
4, 0.0
1, 0.0
1, 0.0
18, 0.004243534181149913
9, 0.0008460267920793853
6, 0.00037640504667841755
2, 0.0
3, 0.00016910691160523534
4, 0.00011925156426968171
12, 0.0010113106078600694
4, 1.9006584798929806e-06
2, 0.0
17, 0.00795665319847189
5, 0.0005790272573457905
2, 1.3292811042626712e-05
1, 0.0
4, 0.0014844442479488773
1, 0.0
4, 9.7977662660556e-08
3, 0.0
4, 9.7977662660556e-08
2, 8.838947041801654e-05
1, 0.0
10, 0.00445356670399322
3, 0.00047588953359983154
3, 0.0
4, 0.0009687527605111652
1, 0.0
5, 0.002220641811115406
9, 0.004434701207940177
2, 0.00014131708221670183
1, 0.0
2, 0.0007066149031079299
7, 0.0009588136361569066
6, 0.0006556119677769784
2, 4.704252975127579e-06
15, 0.006510454911080121
5, 0.00023682110409867452
2, 0.0
5, 0.00027312244564417466
6, 0.0018972017499683078
1, 0.0
1, 0.0
2, 9.823368221564217e-05
2, 0.0014126419402398964
2, 0.0007066149031079299
4, 0.0005788202022623533
1, 0.0
1, 0.0
3, 0.00014542566815486658
10, 0.0021877348105974084
5, 0.001044684727872991
4, 0.0002457325932719713
3, 8.518796549050621e-05
1, 0.0
4, 0.00023534234571064534
3, 0.0
3, 5.3507434550823115e-05
3, 0.00017926722906991087
4, 0.002144257508227795
2, 0.00012618833338715467
3, 0.0019606105394407956
1, 0.0
1, 0.0
2, 0.0
5, 0.000614758693641073
4, 0.0
5, 0.00016072548589140796
8, 0.002063229701903608
3, 0.00011375566403158997
4, 0.00029188661505611063
1, 0.0
1, 0.0
2, 0.0
11, 0.0018642118310322508
5, 0.000120213970677187
7, 0.0008768375655328287
1, 0.0
1, 0.0
3, 0.0
9, 0.005249188754909022
2, 0.0
3, 0.00023665498017123157
3, 3.0146149870752306e-05
1, 0.0
1, 0.0
2, 0.0
12, 0.0041164938023804986
2, 0.00035304355952846657
2, 0.0006655179036442958
13, 0.008046859925223802
1, 0.0
3, 0.0015767880921668058
1, 0.0
2, 3.6093662413303613e-05
1, 0.0
1, 0.0
2, 0.0
3, 0.0004128580527000816
1, 0.0
33, 0.009352910831791404
2, 0.0004175334430812711
28, 0.005439537702024877
1, 0.0
1, 0.0
3, 0.0
1, 0.0
5, 0.0006146164949733607
6, 0.0017503539307918456
10, 0.001245694914221189
4, 0.0
13, 0.0017461589211632534
4, 5.145647223746992e-05
2, 0.0
1, 0.0
11, 0.00643923650456259
1, 0.0
1, 0.0
1, 0.0
1, 0.0
5, 0.00020583593639121958
1, 0.0
2, 0.0004225093894092472
1, 0.0
8, 0.003477844372064469
7, 0.0006381188676277648
7, 0.0010277427425269923
1, 0.0
4, 0.00020697878644041092
3, 0.00018421524908734496
3, 0.0004516234825956595
19, 0.0028562300920719325
2, 8.758531214321165e-05
3, 3.654257026058932e-05
1, 0.0
1, 0.0
4, 0.0006673604318603903
1, 0.0
4, 1.46966493990834e-06
7, 0.0019859297462987125
2, 0.0
4, 0.0004146959177191192
5, 0.00343947493177971
1, 0.0
1, 0.0
1, 0.0
1, 0.0
4, 0.000694070596101334
5, 0.0017148794984844804
2, 0.0
1, 0.0
6, 0.002172766390726221
5, 0.0006355480429891531
7, 0.003163107769123631
1, 0.0
2, 0.0
2, 0.0
4, 6.960599806934545e-05
2, 0.0
2, 0.0
7, 0.0017365255976269588
2, 5.642289498441323e-05
12, 0.0009765831983761734
3, 3.970209291352467e-05
1, 0.0
8, 0.002365117443175639
12, 0.000603308942210676
19, 0.004380643204467956
6, 0.0001311277660149823
6, 0.0001311277660149823
4, 0.0001311277660149823
3, 0.0
11, 0.001266765522172558
10, 0.00035923841439759936
1, 0.0
11, 0.002732057025111313
2, 4.57282241306255e-05
2, 4.57282241306255e-05
18, 0.022616711696298277
12, 0.004142177904309776
18, 0.013005136872386514
16, 0.007930418088420035
6, 0.00034813525370023445
3, 8.669509098038726e-05
1, 0.0
11, 0.0006191544902884287
19, 0.0026891292781953437
1, 0.0
12, 0.0007412484561518604
7, 0.0008915289837666832
10, 0.0027646862113080515
11, 0.001635747811783799
12, 0.0017772345223051155
17, 0.0024417607801451766
2, 0.0014126419402398964
2, 0.0021180811113959
21, 0.013566024239949733
14, 0.0036378698149110485
18, 0.009734781909844687
18, 0.011775363934806484
4, 0.000676549151837535
3, 0.00010844175062323215
1, 0.0
6, 0.001514221143991533
11, 0.004421941199261844
1, 0.0
1, 0.0
4, 0.001777392241379467
7, 0.0013379655489092399
3, 0.00012559170999814687
4, 0.0008451035458335048
8, 0.0011068036954537913
6, 0.0011651985414714173
6, 0.0006195811318437982
32, 0.029785952083543385
1, 0.0
11, 0.006216962756643144
4, 1.368274481979112e-05
27, 0.008203207561982725
19, 0.0162489737264854
16, 0.006928843512039453
2, 0.00015355937790237532
22, 0.007152957355976287
1, 0.0
20, 0.00465643386656195
2, 0.00010609456897274681
8, 0.0012390037748118328
2, 0.00048380564879325937
1, 0.0
2, 0.0004904654514775624
8, 0.0038419995164898487
9, 0.0005357475289572434
5, 6.952262354759322e-07
9, 0.0038549232676430047
2, 4.7093366862577776e-05
9, 0.0023803528433184403
1, 0.0
5, 0.0011846853173807445
4, 0.0011017958618424798
1, 0.0
6, 0.0015089272657329842
2, 0.0007066149031079299
1, 0.0
5, 0.0018836183283489534
8, 0.0022533697385517817
3, 0.0002664874240675451
2, 8.921310735205718e-05
4, 0.0007617810011098133
2, 6.208872447573943e-05
3, 5.871063252502239e-06
1, 0.0
3, 1.6311851342226106e-06
1, 0.0
6, 9.372224151936497e-05
11, 0.0023092736768798713
6, 9.057379478528037e-05
4, 0.0014580272601240052
16, 0.002742751396417456
9, 9.550939072233667e-05
2, 0.0
21, 0.0017499310735470265
4, 0.0008579903583866185
5, 0.0007812951988128777
3, 0.0
1, 0.0
3, 0.00017210341493603044
3, 0.0002993013081394886
1, 0.0
1, 0.0
2, 0.00029678768077418216
1, 0.0
2, 0.0
9, 0.0018523912377775807
4, 7.323265941801542e-07
1, 0.0
1, 0.0
1, 0.0
3, 2.5578736976930872e-05
2, 0.00010637693023239948
7, 0.0032866760668499068
2, 0.00010637693023239948
1, 0.0
5, 0.001333589587557097
7, 0.001232726222312794
6, 0.0005228549262250011
1, 0.0
11, 0.004049238234604507
6, 0.002201763019725683
17, 0.0034119805369881473
8, 0.001753373233349385
1, 0.0
1, 0.0
1, 0.0
1, 0.0
1, 0.0
22, 0.005535002273933228
12, 0.0012985810531726206
10, 0.0021437429440982745
1, 0.0
1, 0.0
6, 0.0010171371872616493
4, 0.0006526086805137739
1, 0.0
6, 0.0024784298937869037
1, 0.0
4, 1.6897060687826486e-05
1, 0.0
1, 0.0
1, 0.0
5, 0.0008623977358519546
11, 0.007536425351275377
2, 0.00011342427846317605
2, 0.00011564613060891252
2, 0.00011564613060891252
1, 0.0
5, 8.141666074488567e-05
1, 0.0
1, 0.0
2, 6.582140437388367e-05
8, 0.0016060881652842814
4, 0.00045218032448155306
5, 0.0009331402927772355
3, 0.0
4, 0.0019119801477601968
2, 0.0007066149031079299
1, 0.0
1, 0.0
1, 0.0
1, 0.0
1, 0.0
2, 3.9655033920388476e-05
1, 0.0
1, 0.0
2, 0.00010446112153097506
6, 0.0005253891229113452
51, 0.0212108845939577
1, 0.0
1, 0.0
2, 6.844709278729233e-05
4, 0.0010116556975102188
1, 0.0
3, 1.016768145683267e-05
1, 0.0
2, 6.752686350408698e-05
3, 0.0004468149561204553
3, 0.0014120540742639332
2, 0.0
2, 0.0
2, 0.0
4, 0.0
2, 1.205688516381276e-05
1, 0.0
1, 0.0
1, 0.0
4, 0.0
4, 0.0
2, 0.0
1, 0.0
1, 0.0
2, 0.0
3, 4.8988831330278e-08
9, 0.0011441636502280918
7, 0.00229764674097575
4, 1.3185064988423971e-05
10, 0.0029518146303160594
1, 0.0
2, 0.0001756252138463465
1, 0.0
3, 0.001798543071801085
2, 0.0
8, 0.0004945299689197672
6, 0.000982275698634143
1, 0.0
8, 0.0016797901511486676
1, 0.0
1, 0.0
1, 0.0
1, 0.0
3, 0.0014126419402398964
2, 0.0002082921923370833
13, 0.002179522058374418
5, 0.0001552996191147108
5, 0.00030768126260124427
9, 0.001048691902479897
3, 0.0002276366381628674
4, 0.001259042443400676
4, 0.00030134385323005115
1, 0.0
1, 0.0
1, 0.0
2, 0.00024215681150961476
1, 0.0
1, 0.0
4, 0.0007367610529786815
10, 0.0017837464318360338
4, 1.7274337033072035e-05
14, 0.008284309015946163
2, 8.991970978705986e-05
1, 0.0
1, 0.0
3, 0.0
1, 0.0
1, 0.0
1, 0.0
1, 0.0
1, 0.0
2, 0.0007066149031079299
1, 0.0
1, 0.0
1, 0.0
1, 0.0
2, 1.6364388476479e-06
2, 1.8948470319314038e-05
1, 0.0
31, 0.013693574894033994
1, 0.0
2, 0.0
1, 0.0
4, 0.00015759311064280883
2, 0.0
1, 0.0
1, 0.0
2, 1.81330731581201e-05
7, 0.0008995510111982638
2, 0.0
5, 2.0330741566444787e-05
10, 0.0002412669104372954
2, 0.0
2, 0.0
1, 0.0
1, 0.0
7, 0.0011750419742279567
1, 0.0
3, 0.0028453413448389754
7, 0.0001762744225438892
3, 2.2104995568486084e-06
3, 0.00015264985358855098
3, 0.00026971353370513823
2, 3.87188536130311e-05
4, 0.00035683898189320043
2, 0.0
2, 0.0
6, 0.0003033253490559897
10, 0.0013130607565971135
1, 0.0
3, 9.562818181236863e-05
11, 0.00375768035789394
3, 0.0003531604850599741
2, 0.0
3, 0.0003531604850599741
6, 0.00273018431027614
6, 0.0008028527327663274
1, 0.0
1, 0.0
2, 0.0007066149031079299
2, 0.0
2, 0.0
2, 0.0
1, 0.0
1, 0.0
2, 0.0009548241820619657
8, 0.0030977737387064435
6, 0.0008915030205881256
1, 0.0
2, 0.00020176634357315176
1, 0.0
7, 0.0010102798451210677
3, 0.0001295741565546981
5, 0.0006608425628424736
7, 0.0016556456398984195
1, 0.0
3, 0.00020342268163434373
2, 0.0014126419402398964
2, 0.0001736056583906435
1, 0.0
1, 0.0
1, 0.0
1, 0.0
1, 0.0
7, 0.0009643776197707144
2, 1.339476954817402e-05
3, 7.276671884631432e-06
3, 3.594744836839273e-06
1, 0.0
1, 0.0
5, 0.00010967675009991783
4, 5.29449250489904e-05
1, 0.0
10, 0.001958439553640622
2, 2.6894737174948817e-05
2, 0.0007066149031079299
1, 0.0
10, 0.00047255719398013314
9, 3.185866402690783e-05
3, 9.393875692476255e-06
1, 0.0
1, 0.0
3, 0.00039316481311818877
1, 0.0
6, 6.952262354759322e-07
1, 0.0
1, 0.0
2, 0.0
2, 8.053197614045825e-05
1, 0.0
3, 0.0004274776760237951
6, 0.00012674286636161396
5, 0.0
1, 0.0
3, 0.0021180811113959
3, 9.951541579261622e-07
1, 0.0
1, 0.0
5, 0.0
2, 0.0010403056105219403
7, 0.003168451684867167
12, 0.006658387209418573
2, 0.0
1, 0.0
4, 0.0015903769523336279
1, 0.0
2, 0.0
2, 0.0
1, 0.0
1, 0.0
1, 0.0
1, 0.0
2, 5.458858591148302e-05
1, 0.0
1, 0.0
3, 0.0007802248819678034
2, 6.334942211123037e-05
5, 0.0009500494925481196
9, 0.003520950577648528
3, 0.00013349397179124
2, 5.525683459511498e-05
1, 0.0
4, 5.03745861195207e-06
3, 0.001059657879065922
1, 0.0
10, 0.0017780750062977707
7, 0.0018948396144095935
2, 0.00020539110210918252
2, 0.00020539110210918252
1, 0.0
1, 0.0
3, 0.0
1, 0.0
1, 0.0
1, 0.0
1, 0.0
2, 0.00018602791544480691
3, 0.00029472864762740186
1, 0.0
1, 0.0
1, 0.0
2, 0.00011376552504417512
1, 0.0
1, 0.0
1, 0.0
1, 0.0
7, 0.0004926195497766861
8, 0.0014238787083493238
1, 0.0
1, 0.0
1, 0.0
3, 0.0014129358732278782
1, 0.0
1, 0.0
3, 9.678596572609259e-05
5, 0.0002094912744573308
2, 0.0
1, 0.0
2, 0.0
3, 0.0006746842901566251
14, 0.0054870575659685785
5, 0.00030699388966813683
4, 0.00012472318103721257
1, 0.0
5, 6.682231285267916e-06
3, 0.0
2, 0.0
3, 2.432748705525485e-06
3, 0.0
2, 0.0
2, 0.0
2, 0.0
7, 0.00245609566274793
1, 0.0
3, 0.0005783967567434152
2, 4.739499105328516e-05
1, 0.0
4, 3.3818354425279637e-06
15, 0.0033145342239955483
3, 0.0015827170972073834
3, 2.325750347847756e-05
2, 0.0001366106463891128
3, 0.0005556559135516664
1, 0.0
2, 0.0003531604850599741
2, 1.46966493990834e-07
2, 0.0003531604850599741
3, 0.0001579865914571949
6, 0.0008871027774118049
7, 0.00301077435625508
6, 0.0014910546582623467
2, 6.921574423377374e-06
3, 2.693861352425878e-05
13, 0.0036751446950581052
2, 0.0006014961546553536
1, 0.0
2, 0.00023351913109665064
3, 0.00028942095545859633
1, 0.0
3, 0.00028942095545859633
1, 0.0
3, 0.00010192245849648304
2, 8.597528256939531e-05
3, 0.0021182280778898905
2, 0.0
5, 2.379390057358072e-05
2, 0.0007066149031079299
1, 0.0
1, 0.0
2, 0.00030913308085072527
2, 0.000220948404874508
1, 0.0
1, 0.0
3, 0.0004907123644098539
11, 0.0025364845094730582
1, 0.0
3, 0.00045279371565634424
17, 0.0017602783105992138
1, 0.0
1, 0.0
1, 0.0
1, 0.0
2, 0.0
4, 4.4089948197250204e-07
4, 8.930746487228981e-07
8, 0.004846167638442124
1, 0.0
2, 0.0003531604850599741
2, 0.0003531604850599741
5, 0.0001235350526504671
7, 0.0005382772215805795
2, 0.0
1, 0.0
1, 0.0
3, 8.817989639450041e-07
1, 0.0
1, 0.0
3, 9.427070004932677e-05
1, 0.0
3, 0.0008497514466864023
1, 0.0
1, 0.0
1, 0.0
1, 0.0
2, 0.00020153368830895985
1, 0.0
1, 0.0
3, 2.257902089057584e-06
1, 0.0
1, 0.0
1, 0.0
1, 0.0
1, 0.0
1, 0.0
1, 0.0
1, 0.0
1, 0.0
1, 0.0
1, 0.0
1, 0.0
1, 0.0
2, 0.00025428388745060796
1, 0.0
1, 0.0
1, 0.0
3, 0.0
2, 0.0
1, 0.0
2, 0.0
2, 0.0
2, 0.0
2, 0.0007066149031079299
1, 0.0
1, 0.0
6, 2.472051796358644e-07
4, 2.472051796358644e-07
1, 0.0
2, 5.407836558274669e-05
1, 0.0
2, 5.399165018708802e-05
1, 0.0
3, 0.0006768472478471432
1, 0.0
1, 0.0
1, 0.0
1, 0.0
18, 0.008728067161860148
1, 0.0
1, 0.0
1, 0.0
7, 5.5486341957748356e-05
6, 3.0079438927106756e-05
1, 0.0
6, 0.0008281251465430544
1, 0.0
1, 0.0
1, 0.0
2, 0.00030136978925509033
2, 0.0
19, 0.0033024103093062932
2, 4.16405066307363e-08
2, 0.0
1, 0.0
1, 0.0
1, 0.0
1, 0.0
2, 0.0
1, 0.0
1, 0.0
1, 0.0
1, 0.0
6, 0.0005079653599861732
1, 0.0
2, 3.661201029227236e-05
1, 0.0
1, 0.0
2, 0.0
1, 0.0
3, 0.0007445373986711251
1, 0.0
1, 0.0
2, 0.0
1, 0.0
1, 0.0
1, 0.0
1, 0.0
1, 0.0
1, 0.0
2, 5.03745861195207e-06
1, 0.0
2, 0.00011301749372221901
1, 0.0
1, 0.0
1, 0.0
1, 0.0
1, 0.0
1, 0.0
1, 0.0
1, 0.0
1, 0.0
1, 0.0
1, 0.0
1, 0.0
6, 4.944674867666864e-05
4, 1.3286364860787516e-07
4, 3.69082941554679e-06
1, 0.0
1, 0.0
1, 0.0
7, 4.7489017079918106e-05
6, 0.0005034889704925076
1, 0.0
1, 0.0
2, 0.000150608304134888
2, 1.46966493990834e-07
1, 0.0
1, 0.0
1, 0.0
1, 0.0
1, 0.0
3, 0.00048098755397176526
9, 0.00328616883393866
1, 0.0
1, 0.0
1, 0.0
1, 0.0
1, 0.0
1, 0.0
6, 0.0
14, 0.0027689889256014033
9, 0.0007269320828931903
1, 0.0
3, 4.5527464739533694e-05
2, 0.0
2, 0.0
1, 0.0
1, 0.0
1, 0.0
2, 0.0014126419402398964
1, 0.0
1, 0.0
1, 0.0
1, 0.0
1, 0.0
1, 0.0
1, 0.0
1, 0.0
1, 0.0
1, 0.0
1, 0.0
1, 0.0
1, 0.0
1, 0.0
1, 0.0
2, 0.0007066149031079299
1, 0.0
1, 0.0
1, 0.0
1, 0.0
6, 4.944674867666864e-05
5, 0.0007440845820362095
2, 0.0
2, 0.0
2, 0.0
2, 0.0
2, 0.0
2, 0.0
2, 0.0
2, 0.0
2, 0.0
6, 0.00021661588508885662
3, 0.0
5, 0.0
3, 0.0
1, 0.0
1, 0.0
1, 0.0
5, 0.0007066149031079299
1, 0.0
1, 0.0
1, 0.0
2, 8.468876984283163e-05
4, 0.000523150680867394
1, 0.0
3, 0.0
2, 0.00037510118714235746
2, 1.5953394673763653e-05
1, 0.0
1, 0.0
1, 0.0
1, 0.0
1, 0.0
2, 0.0
2, 0.0
1, 0.0
1, 0.0
3, 1.7635979278900082e-06
4, 0.0
1, 0.0
2, 0.0014126419402398966
2, 0.0007066149031079301
1, 0.0
2, 0.0
2, 4.273293193284393e-06
1, 0.0
1, 0.0
1, 0.0
3, 0.0011726181387083387
1, 0.0
4, 0.0010596284216739132
1, 0.0
2, 0.0
3, 0.0003530135185659833
1, 0.0
4, 0.0
1, 0.0
1, 0.0
1, 0.0
1, 0.0
3, 0.0008428430645078388
1, 0.0
3, 8.817989639450041e-07
3, 2.93932987981668e-07
3, 2.93932987981668e-07
2, 0.0
1, 0.0
1, 0.0
2, 2.93932987981668e-07
1, 0.0
3, 2.057530915871676e-06
1, 0.0
1, 0.0
2, 0.0007066149031079299
1, 0.0
1, 0.0
2, 0.0
1, 0.0
3, 0.0
1, 0.0
1, 0.0
5, 0.0007406195113682148
1, 0.0
1, 0.0
6, 9.038281950676695e-05
1, 0.0
1, 0.0
1, 0.0
1, 0.0
1, 0.0
2, 2.93932987981668e-07
1, 0.0
1, 0.0
1, 0.0
7, 2.108219942912826e-05
4, 0.0
8, 0.0005466838327985494
3, 0.0
5, 0.0001301416348915112
1, 0.0
5, 0.00034205674808219654
1, 0.0
